1,Caritta,Pillans,cpillans0@uol.com.br,Female
2,Cherey,Pallaske,cpallaske1@blogtalkradio.com,Non-binary
3,Ashby,Haswell,ahaswell2@addtoany.com,Genderfluid
4,Kevyn,Mussen,kmussen3@washingtonpost.com,Female
5,Corliss,Bennison,cbennison4@jigsy.com,Female
6,Evelina,Capponer,ecapponer5@geocities.jp,Female
7,Mitch,Rule,mrule6@nhs.uk,Male
8,Dal,Pires,dpires7@unicef.org,Male
9,Freemon,Clash,fclash8@sphinn.com,Male
10,Ruby,Redon,rredon9@dedecms.com,Bigender
11,Ag,Steinhammer,asteinhammera@github.io,Female
12,Vince,Betho,vbethob@ezinearticles.com,Male
13,Lucina,Thirst,lthirstc@dagondesign.com,Female
14,Dolorita,Ellett,dellettd@simplemachines.org,Female
15,Winslow,Cotta,wcottae@gmpg.org,Male
16,Oberon,Addlestone,oaddlestonef@va.gov,Male
17,Jamil,Smedmore,jsmedmoreg@joomla.org,Male
18,Brock,Martygin,bmartyginh@friendfeed.com,Male
19,Silvain,Goucher,sgoucheri@google.it,Male
20,Hannah,Strover,hstroverj@icq.com,Female
21,Tonie,Pillifant,tpillifantk@nih.gov,Female
22,Gisella,Crampsey,gcrampseyl@dmoz.org,Female
23,Masha,Elston,melstonm@angelfire.com,Female
24,Ranice,Marchbank,rmarchbankn@godaddy.com,Female
25,Charlean,Learmonth,clearmontho@blog.com,Female
26,Saree,Pranger,sprangerp@netvibes.com,Female
27,Leah,Arndt,larndtq@furl.net,Female
28,Maryann,Portlock,mportlockr@bloomberg.com,Bigender
29,Riki,Goldson,rgoldsons@cocolog-nifty.com,Female
30,Darrick,Batchan,dbatchant@hugedomains.com,Male
31,Lonna,Yeats,lyeatsu@mozilla.com,Female
32,Rebekkah,Balling,rballingv@fda.gov,Female
33,Sybil,Stobie,sstobiew@uiuc.edu,Female
34,Veda,Follos,vfollosx@exblog.jp,Female
35,Vicki,Gypson,vgypsony@xing.com,Female
36,Gibby,Swapp,gswappz@artisteer.com,Male
37,Cecilla,Grzeszczak,cgrzeszczak10@hud.gov,Female
38,Juanita,Flucker,jflucker11@last.fm,Female
39,Ev,Allibon,eallibon12@last.fm,Male
40,Wainwright,Wloch,wwloch13@sina.com.cn,Male
41,Brucie,Nellies,bnellies14@github.com,Male
42,Forbes,Saffen,fsaffen15@ocn.ne.jp,Male
43,Theodora,Ernke,ternke16@hostgator.com,Female
44,Cynthy,Trask,ctrask17@dell.com,Female
45,Dex,Sevior,dsevior18@multiply.com,Male
46,Mac,Barnaby,mbarnaby19@facebook.com,Male
47,Madalyn,Rulten,mrulten1a@earthlink.net,Female
48,Phelia,Kindell,pkindell1b@google.de,Female
49,Valentino,Whybray,vwhybray1c@flickr.com,Male
50,Leupold,Whitticks,lwhitticks1d@psu.edu,Male
51,Hobie,Fahy,hfahy1e@ihg.com,Male
52,Piggy,Skate,pskate1f@google.ru,Male
53,Ramon,Stride,rstride1g@barnesandnoble.com,Male
54,Eldon,Borless,eborless1h@miitbeian.gov.cn,Male
55,Brigitta,Milleton,bmilleton1i@answers.com,Female
56,Shellysheldon,Bruhke,sbruhke1j@icio.us,Genderfluid
57,Shannan,Veness,sveness1k@apple.com,Male
58,Glynis,Cutting,gcutting1l@chronoengine.com,Agender
59,Gonzales,Tylor,gtylor1m@twitter.com,Male
60,Marlin,Ibeson,mibeson1n@mayoclinic.com,Male
61,Samson,Preece,spreece1o@nifty.com,Male
62,Anderson,Bims,abims1p@ca.gov,Male
63,Waring,Olivia,wolivia1q@bandcamp.com,Male
64,Kore,Diment,kdiment1r@is.gd,Female
65,Raquela,Cheese,rcheese1s@wunderground.com,Female
66,Eolanda,Wescott,ewescott1t@weebly.com,Female
67,Karissa,Frazier,kfrazier1u@telegraph.co.uk,Female
68,Anica,Halladey,ahalladey1v@nasa.gov,Female
69,Lucita,Probyn,lprobyn1w@nasa.gov,Female
70,Lucine,Robroe,lrobroe1x@wikispaces.com,Female
71,Betteanne,Twitchings,btwitchings1y@imgur.com,Female
72,Dunstan,Colquitt,dcolquitt1z@mashable.com,Male
73,Alano,Lucey,alucey20@netlog.com,Male
74,Stella,Checcuzzi,scheccuzzi21@techcrunch.com,Female
75,Sadye,Hinkens,shinkens22@seattletimes.com,Female
76,Any,Neasam,aneasam23@hhs.gov,Male
77,Perkin,Percy,ppercy24@sogou.com,Male
78,Hilarius,McNuff,hmcnuff25@bravesites.com,Male
79,Delano,Scotland,dscotland26@bloomberg.com,Male
80,Carmine,Janko,cjanko27@reference.com,Female
81,Bettye,Sline,bsline28@vimeo.com,Female
82,Burl,Griffoen,bgriffoen29@smugmug.com,Male
83,Nike,Shorbrook,nshorbrook2a@mlb.com,Female
84,Tiphanie,Charon,tcharon2b@stumbleupon.com,Female
85,Eamon,Gallardo,egallardo2c@cargocollective.com,Male
86,Nobe,Hawtry,nhawtry2d@imdb.com,Male
87,Dalli,Pettigrew,dpettigrew2e@hostgator.com,Male
88,Heda,Cheshire,hcheshire2f@unesco.org,Female
89,Lemmy,Mattheis,lmattheis2g@multiply.com,Male
90,Nikki,Bissett,nbissett2h@wikia.com,Male
91,Alaine,Maestro,amaestro2i@nydailynews.com,Female
92,Lyn,Lally,llally2j@lulu.com,Male
93,Minta,Fust,mfust2k@bloglines.com,Female
94,Edeline,Faithorn,efaithorn2l@google.com.au,Female
95,Cacilie,Bondar,cbondar2m@hibu.com,Non-binary
96,Bronson,Doxsey,bdoxsey2n@biglobe.ne.jp,Male
97,Emelda,Copnar,ecopnar2o@123-reg.co.uk,Female
98,Kirbee,Franceschielli,kfranceschielli2p@list-manage.com,Female
99,Maurice,Ziebart,mziebart2q@samsung.com,Male
100,Maison,McLese,mmclese2r@github.com,Male
101,Tab,Pyser,tpyser2s@google.com.br,Male
102,Helyn,Cayley,hcayley2t@nbcnews.com,Female
103,Abner,Alben,aalben2u@phoca.cz,Male
104,Wendeline,Heeney,wheeney2v@cnn.com,Female
105,Gerrie,Browncey,gbrowncey2w@about.me,Female
106,Melantha,Treacy,mtreacy2x@shop-pro.jp,Female
107,Tiena,Gresch,tgresch2y@prweb.com,Female
108,Garland,Debrick,gdebrick2z@usatoday.com,Female
109,Courtney,Torel,ctorel30@e-recht24.de,Female
110,Anton,Jouannot,ajouannot31@fastcompany.com,Male
111,Sidoney,Klampt,sklampt32@mtv.com,Female
112,Miran,Olenin,molenin33@homestead.com,Female
113,Abram,Bonson,abonson34@e-recht24.de,Male
114,Justis,Seacombe,jseacombe35@shinystat.com,Male
115,Pip,Cosker,pcosker36@geocities.jp,Male
116,Bud,Jenton,bjenton37@imgur.com,Genderqueer
117,Trace,McGrotty,tmcgrotty38@usda.gov,Genderfluid
118,Carlo,Hateley,chateley39@mysql.com,Male
119,Siouxie,Winsbury,swinsbury3a@unc.edu,Female
120,Lanette,Barney,lbarney3b@slashdot.org,Female
121,Fielding,Gornar,fgornar3c@cargocollective.com,Male
122,Afton,Nelsen,anelsen3d@state.gov,Female
123,Dottie,Carlesso,dcarlesso3e@nbcnews.com,Female
124,Fernando,Bolland,fbolland3f@taobao.com,Male
125,Yasmeen,Eim,yeim3g@ucoz.com,Female
126,Maurice,Zold,mzold3h@reference.com,Bigender
127,Lucien,Cazereau,lcazereau3i@walmart.com,Male
128,Elroy,Snalham,esnalham3j@deviantart.com,Male
129,Wes,Guerner,wguerner3k@archive.org,Male
130,Val,Morsey,vmorsey3l@jimdo.com,Male
131,Heinrik,Kubin,hkubin3m@google.com.hk,Male
132,Donavon,Lanfare,dlanfare3n@fc2.com,Male
133,Agata,Stather,astather3o@ask.com,Female
134,Gillan,Bercevelo,gbercevelo3p@bing.com,Female
135,Shaine,Fausset,sfausset3q@furl.net,Male
136,Tim,Seppey,tseppey3r@huffingtonpost.com,Female
137,Joby,Bromby,jbromby3s@upenn.edu,Female
138,Patton,Feldbaum,pfeldbaum3t@gov.uk,Male
139,Kendrick,Beevors,kbeevors3u@chronoengine.com,Male
140,Christophorus,Biskupek,cbiskupek3v@virginia.edu,Male
141,Raychel,Grace,rgrace3w@auda.org.au,Female
142,Falkner,Rimbault,frimbault3x@quantcast.com,Male
143,Felicdad,Ringrose,fringrose3y@army.mil,Female
144,Garvin,McQuilliam,gmcquilliam3z@oakley.com,Male
145,Elijah,McKennan,emckennan40@imdb.com,Male
146,Rhianna,Kinset,rkinset41@utexas.edu,Female
147,Joe,Duckit,jduckit42@adobe.com,Male
148,Konstantine,Wilkowski,kwilkowski43@i2i.jp,Male
149,Ninette,Bartkiewicz,nbartkiewicz44@cdc.gov,Female
150,Cristobal,Bartosek,cbartosek45@illinois.edu,Male
151,Pippo,Blinder,pblinder46@cbc.ca,Male
152,Gaston,Routley,groutley47@example.com,Male
153,Lynsey,Owbrick,lowbrick48@rakuten.co.jp,Female
154,Gae,Clempton,gclempton49@wufoo.com,Female
155,Waldemar,Erdes,werdes4a@deviantart.com,Male
156,Derwin,Whales,dwhales4b@joomla.org,Male
157,Austen,Alison,aalison4c@nasa.gov,Male
158,Isidore,Anthes,ianthes4d@cdc.gov,Male
159,Harald,Hawkswood,hhawkswood4e@i2i.jp,Male
160,Margaux,Klemke,mklemke4f@gnu.org,Female
161,Reilly,Brauner,rbrauner4g@ask.com,Male
162,Cinda,Berger,cberger4h@usgs.gov,Female
163,Corinne,Moorfield,cmoorfield4i@163.com,Female
164,Darcey,Cohr,dcohr4j@salon.com,Genderqueer
165,Malissia,Scrimshire,mscrimshire4k@arizona.edu,Female
166,Misti,Coan,mcoan4l@nbcnews.com,Bigender
167,Ellsworth,Escudier,eescudier4m@yale.edu,Male
168,Renate,MacGinney,rmacginney4n@deliciousdays.com,Agender
169,Wren,Battista,wbattista4o@miitbeian.gov.cn,Female
170,Caye,Patman,cpatman4p@vinaora.com,Female
171,Nobe,Coldbreath,ncoldbreath4q@bloglines.com,Male
172,Ferguson,Kuhlen,fkuhlen4r@sbwire.com,Male
173,Celeste,By,cby4s@howstuffworks.com,Female
174,Frasquito,Curtain,fcurtain4t@youku.com,Male
175,Ethelind,Pallis,epallis4u@squidoo.com,Female
176,Alis,Grayham,agrayham4v@guardian.co.uk,Female
177,Laryssa,Androletti,landroletti4w@cyberchimps.com,Female
178,Hayden,Brownlow,hbrownlow4x@photobucket.com,Male
179,Ransom,Dunham,rdunham4y@hibu.com,Male
180,Lynnett,Kingdon,lkingdon4z@de.vu,Female
181,Cassie,Fawthorpe,cfawthorpe50@barnesandnoble.com,Male
182,Tabbatha,Dunnet,tdunnet51@bloglovin.com,Female
183,Giulio,Whyard,gwhyard52@parallels.com,Male
184,Olenolin,Clavering,oclavering53@elpais.com,Male
185,Kathie,Sibbering,ksibbering54@bing.com,Female
186,Curt,Hurlin,churlin55@irs.gov,Polygender
187,Evan,Pitts,epitts56@123-reg.co.uk,Male
188,Elwyn,Rosling,erosling57@unc.edu,Male
189,Madeleine,Dumbellow,mdumbellow58@google.com,Female
190,Brietta,Bosenworth,bbosenworth59@fc2.com,Agender
191,Faith,Jimmison,fjimmison5a@sun.com,Female
192,Billie,Ioan,bioan5b@github.io,Female
193,Ilaire,Wilson,iwilson5c@blogspot.com,Male
194,Marietta,Burston,mburston5d@hatena.ne.jp,Male
195,Pen,Tesimon,ptesimon5e@abc.net.au,Male
196,Garey,Buxcy,gbuxcy5f@posterous.com,Male
197,Haroun,Cahn,hcahn5g@paypal.com,Male
198,Dane,Tadgell,dtadgell5h@epa.gov,Male
199,Janice,Rackley,jrackley5i@census.gov,Female
200,Wallache,O'Duilleain,woduilleain5j@flickr.com,Male
201,Natty,Antoniewicz,nantoniewicz5k@xinhuanet.com,Bigender
202,Wally,Tradewell,wtradewell5l@harvard.edu,Male
203,Reg,Noakes,rnoakes5m@digg.com,Male
204,Ainsley,Croll,acroll5n@cisco.com,Female
205,Corny,Madden,cmadden5o@homestead.com,Female
206,Grissel,Weins,gweins5p@mail.ru,Female
207,Merrili,Garber,mgarber5q@fastcompany.com,Female
208,Hadrian,Fleetham,hfleetham5r@adobe.com,Male
209,Cordi,Martusewicz,cmartusewicz5s@zimbio.com,Female
210,Phyllida,Croutear,pcroutear5t@slate.com,Female
211,Ula,Irvin,uirvin5u@techcrunch.com,Female
212,Harris,Burridge,hburridge5v@goo.gl,Male
213,Frederick,Dowdell,fdowdell5w@icio.us,Male
214,Selia,Pillinger,spillinger5x@ifeng.com,Female
215,Olia,Casajuana,ocasajuana5y@hatena.ne.jp,Female
216,Cosette,Tirrey,ctirrey5z@google.com.br,Female
217,Monika,Allibone,mallibone60@craigslist.org,Genderqueer
218,Clarey,Mc Caughen,cmccaughen61@ustream.tv,Female
219,Cleavland,Maidlow,cmaidlow62@amazonaws.com,Male
220,Raynard,Vasovic,rvasovic63@patch.com,Male
221,Nichole,Hengoed,nhengoed64@facebook.com,Bigender
222,Norine,Jiroutka,njiroutka65@nsw.gov.au,Female
223,Salomon,Lund,slund66@theguardian.com,Male
224,Joel,Peek,jpeek67@furl.net,Male
225,Kingston,Marians,kmarians68@wordpress.com,Male
226,Christel,Duffett,cduffett69@livejournal.com,Female
227,L;urette,Monaghan,lmonaghan6a@toplist.cz,Female
228,Jody,Duligal,jduligal6b@booking.com,Male
229,Bealle,Kemmis,bkemmis6c@1und1.de,Male
230,Kristy,Wyldbore,kwyldbore6d@paypal.com,Female
231,Natalya,Simkovich,nsimkovich6e@tripod.com,Female
232,Adams,Sandever,asandever6f@desdev.cn,Non-binary
233,Gasparo,Tenaunt,gtenaunt6g@wsj.com,Male
234,Dur,Townshend,dtownshend6h@yahoo.com,Male
235,Janaya,Hebden,jhebden6i@yellowpages.com,Female
236,Davis,Chatten,dchatten6j@google.ru,Male
237,Merrili,Da Costa,mdacosta6k@constantcontact.com,Female
238,Hatty,Marre,hmarre6l@istockphoto.com,Female
239,Bayard,Dedman,bdedman6m@baidu.com,Male
240,Felicle,Powers,fpowers6n@vinaora.com,Female
241,Rosemonde,Spackman,rspackman6o@ehow.com,Female
242,Karly,Farmer,kfarmer6p@cornell.edu,Female
243,Romain,Mault,rmault6q@noaa.gov,Agender
244,Conchita,Doley,cdoley6r@washingtonpost.com,Genderqueer
245,Wolfie,Hagland,whagland6s@google.fr,Male
246,Husein,Kohen,hkohen6t@europa.eu,Male
247,Peadar,Alberti,palberti6u@nydailynews.com,Male
248,Cchaddie,Rotter,crotter6v@disqus.com,Male
249,Vito,Casotti,vcasotti6w@ed.gov,Male
250,Vittorio,Wharby,vwharby6x@microsoft.com,Agender
251,Korella,Purrington,kpurrington6y@ucoz.com,Female
252,Ashby,Langland,alangland6z@altervista.org,Male
253,Karlotta,Powland,kpowland70@mapquest.com,Female
254,Kaiser,Brownrigg,kbrownrigg71@tripod.com,Male
255,Natasha,Brazear,nbrazear72@arizona.edu,Female
256,Darline,Hoston,dhoston73@cocolog-nifty.com,Female
257,Torre,Gisbourn,tgisbourn74@moonfruit.com,Male
258,Coletta,Reader,creader75@ifeng.com,Female
259,Paddie,Langthorne,plangthorne76@nps.gov,Male
260,Briny,Leggott,bleggott77@omniture.com,Female
261,Gunar,Pittel,gpittel78@behance.net,Male
262,Sadella,Dahlberg,sdahlberg79@nba.com,Female
263,Lucian,Canet,lcanet7a@plala.or.jp,Male
264,Suzann,Witts,switts7b@sohu.com,Female
265,Lodovico,Volett,lvolett7c@godaddy.com,Male
266,Jillayne,Bartoszewski,jbartoszewski7d@networksolutions.com,Female
267,Sasha,Sawtell,ssawtell7e@linkedin.com,Male
268,Denice,Gerg,dgerg7f@wisc.edu,Female
269,Drusie,Bolzmann,dbolzmann7g@narod.ru,Female
270,Armin,Pugsley,apugsley7h@tumblr.com,Agender
271,Somerset,Bozworth,sbozworth7i@zdnet.com,Male
272,Martynne,Illidge,millidge7j@last.fm,Genderqueer
273,Dana,Olexa,dolexa7k@fastcompany.com,Male
274,Devlen,Cull,dcull7l@samsung.com,Non-binary
275,Vernen,Petrov,vpetrov7m@google.co.jp,Male
276,Bryant,Kildahl,bkildahl7n@ehow.com,Male
277,Hallsy,Ferryman,hferryman7o@mlb.com,Male
278,Antony,Kruse,akruse7p@google.pl,Male
279,Leland,Smurthwaite,lsmurthwaite7q@ask.com,Female
280,Romola,Stearndale,rstearndale7r@cornell.edu,Female
281,Amalle,Gibb,agibb7s@europa.eu,Female
282,Andrus,Boykett,aboykett7t@google.co.jp,Male
283,Tomlin,Polden,tpolden7u@businessinsider.com,Male
284,Krissie,Lowles,klowles7v@google.ca,Female
285,Ody,Borg-Bartolo,oborgbartolo7w@jalbum.net,Male
286,Englebert,Doleman,edoleman7x@weebly.com,Male
287,Darell,Queen,dqueen7y@xing.com,Agender
288,Norene,Lassen,nlassen7z@acquirethisname.com,Female
289,Barr,Darree,bdarree80@acquirethisname.com,Male
290,Onfroi,Tradewell,otradewell81@cloudflare.com,Male
291,Gabi,Jendricke,gjendricke82@histats.com,Female
292,Hendrika,Upcraft,hupcraft83@macromedia.com,Female
293,Iormina,Crebo,icrebo84@com.com,Female
294,Manny,Trillo,mtrillo85@feedburner.com,Male
295,Alaric,Quipp,aquipp86@nifty.com,Male
296,Wini,Granger,wgranger87@cmu.edu,Female
297,Gallard,Wayper,gwayper88@sfgate.com,Non-binary
298,Marsha,Croy,mcroy89@typepad.com,Female
299,Alis,Print,aprint8a@alibaba.com,Female
300,Brenden,Pauls,bpauls8b@whitehouse.gov,Male
301,Lebbie,Wooderson,lwooderson8c@zimbio.com,Female
302,Kristen,MacKeller,kmackeller8d@netscape.com,Female
303,Rayshell,Barthot,rbarthot8e@oaic.gov.au,Female
304,Ilyse,Struis,istruis8f@a8.net,Female
305,Booth,Orta,borta8g@mlb.com,Male
306,Michelina,Bromley,mbromley8h@hud.gov,Female
307,Waverley,Blackall,wblackall8i@typepad.com,Male
308,Katleen,Ashfield,kashfield8j@rediff.com,Genderqueer
309,Trula,Clementi,tclementi8k@cnn.com,Female
310,Crosby,Rylstone,crylstone8l@wiley.com,Male
311,Hyacinthia,Dondon,hdondon8m@dion.ne.jp,Female
312,Wildon,Rawkesby,wrawkesby8n@is.gd,Non-binary
313,Salem,Coraini,scoraini8o@nsw.gov.au,Male
314,Marijo,Mattedi,mmattedi8p@xing.com,Female
315,Maynard,Chaimson,mchaimson8q@zimbio.com,Male
316,Marji,Munning,mmunning8r@sina.com.cn,Female
317,Paola,Brownrigg,pbrownrigg8s@cnn.com,Female
318,Othelia,Coffelt,ocoffelt8t@mit.edu,Female
319,Tasha,Culvey,tculvey8u@stumbleupon.com,Female
320,Theodor,Christin,tchristin8v@nifty.com,Male
321,Norbert,Allwright,nallwright8w@etsy.com,Male
322,Bekki,Gauden,bgauden8x@army.mil,Female
323,Kerrie,Rodinger,krodinger8y@wikipedia.org,Female
324,Yoko,Kares,ykares8z@usda.gov,Female
325,Seline,Northgraves,snorthgraves90@ucsd.edu,Female
326,Mercedes,Draye,mdraye91@icq.com,Female
327,Sargent,Ferencowicz,sferencowicz92@ihg.com,Male
328,Julie,Bosdet,jbosdet93@oracle.com,Female
329,Arvin,Condie,acondie94@yale.edu,Male
330,Sollie,Akett,sakett95@rambler.ru,Male
331,Celestia,Sheard,csheard96@ed.gov,Female
332,Francis,Grassett,fgrassett97@msn.com,Male
333,Arnold,Dunphie,adunphie98@istockphoto.com,Male
334,Allie,Soltan,asoltan99@youku.com,Male
335,Esdras,Hundal,ehundal9a@example.com,Male
336,Griswold,Cotmore,gcotmore9b@blogtalkradio.com,Agender
337,Shep,Cowper,scowper9c@businessinsider.com,Male
338,Junie,Yakobowitz,jyakobowitz9d@nydailynews.com,Female
339,Avie,Janton,ajanton9e@nih.gov,Female
340,Mavra,Sacher,msacher9f@uiuc.edu,Female
341,Kristoffer,Lusher,klusher9g@google.co.uk,Male
342,Willetta,Sterley,wsterley9h@spotify.com,Female
343,Collette,Briat,cbriat9i@quantcast.com,Female
344,Clevie,Penhalewick,cpenhalewick9j@phoca.cz,Male
345,Murdock,Cleminson,mcleminson9k@delicious.com,Male
346,Corbie,Euston,ceuston9l@stumbleupon.com,Male
347,Rupert,Lorans,rlorans9m@weebly.com,Agender
348,Ethelyn,Bennis,ebennis9n@examiner.com,Female
349,Jabez,Yves,jyves9o@wix.com,Male
350,Marcelo,Hutcheons,mhutcheons9p@usnews.com,Male
351,Halette,Commucci,hcommucci9q@umich.edu,Female
352,Amelie,Christin,achristin9r@google.it,Female
353,Brade,Matteo,bmatteo9s@studiopress.com,Male
354,Mia,Astling,mastling9t@ft.com,Female
355,Yorgos,Ankers,yankers9u@reference.com,Male
356,Aldus,Vanyukov,avanyukov9v@indiegogo.com,Male
357,Price,MacCartney,pmaccartney9w@angelfire.com,Male
358,Dynah,Hughman,dhughman9x@dot.gov,Female
359,Fifine,Meeny,fmeeny9y@fotki.com,Female
360,Germaine,Playhill,gplayhill9z@blogger.com,Female
361,Papagena,Arnauduc,parnauduca0@whitehouse.gov,Female
362,Vivianna,Verlinde,vverlindea1@europa.eu,Female
363,Josiah,Alberts,jalbertsa2@hhs.gov,Male
364,Dorolisa,Piddock,dpiddocka3@shutterfly.com,Female
365,Caitrin,Stillgoe,cstillgoea4@facebook.com,Female
366,Sinclair,Haddrill,shaddrilla5@merriam-webster.com,Male
367,Calli,Macvey,cmacveya6@issuu.com,Female
368,Windy,Volke,wvolkea7@hhs.gov,Female
369,Brewer,Beardsworth,bbeardswortha8@alexa.com,Male
370,Biddy,Tafani,btafania9@cloudflare.com,Female
371,Sheffield,Meadows,smeadowsaa@zimbio.com,Male
372,Hershel,Sinnock,hsinnockab@multiply.com,Male
373,Leonardo,Carlsen,lcarlsenac@wix.com,Male
374,Loydie,Ivushkin,livushkinad@amazonaws.com,Male
375,Shawn,MacNeachtain,smacneachtainae@bravesites.com,Male
376,Genevieve,Zellick,gzellickaf@apache.org,Female
377,Jordanna,Kulic,jkulicag@live.com,Female
378,Angie,Leverentz,aleverentzah@uiuc.edu,Female
379,Gilbertine,Possek,gpossekai@theguardian.com,Female
380,Amerigo,Poynton,apoyntonaj@comcast.net,Male
381,Aylmar,Rojas,arojasak@scientificamerican.com,Male
382,Shandie,Burrill,sburrillal@clickbank.net,Female
383,Babs,Masham,bmashamam@ehow.com,Female
384,Edgardo,Bend,ebendan@amazon.de,Male
385,Haslett,Locock,hlocockao@samsung.com,Non-binary
386,Webster,Drewett,wdrewettap@ihg.com,Male
387,La verne,Newcome,lnewcomeaq@seattletimes.com,Female
388,Farrel,Gain,fgainar@gizmodo.com,Male
389,Lawrence,Huxham,lhuxhamas@twitter.com,Male
390,Celie,Duesbury,cduesburyat@census.gov,Female
391,Dov,Melin,dmelinau@hexun.com,Male
392,Hallie,Kegg,hkeggav@hc360.com,Female
393,Lothaire,Noot,lnootaw@ucoz.ru,Male
394,Bobina,Poulglais,bpoulglaisax@adobe.com,Female
395,Dorian,Bentote,dbentoteay@cdbaby.com,Female
396,Aloin,Schimank,aschimankaz@europa.eu,Male
397,Fleming,Sagg,fsaggb0@seesaa.net,Genderfluid
398,Patin,Breche,pbrecheb1@cafepress.com,Male
399,Monah,Anscott,manscottb2@businesswire.com,Female
400,Lars,Colecrough,lcolecroughb3@google.pl,Male
401,Stevana,Kirckman,skirckmanb4@is.gd,Female
402,Fowler,Biddiss,fbiddissb5@amazon.co.jp,Male
403,Chad,Morling,cmorlingb6@scientificamerican.com,Male
404,Ramona,Laurent,rlaurentb7@fotki.com,Female
405,Quintana,Wolfinger,qwolfingerb8@reverbnation.com,Female
406,Pacorro,Rushworth,prushworthb9@latimes.com,Male
407,Sonny,Gouldstraw,sgouldstrawba@over-blog.com,Male
408,Kathy,Dominey,kdomineybb@sun.com,Bigender
409,Miguel,O'Brien,mobrienbc@soundcloud.com,Male
410,Chariot,MacAree,cmacareebd@mtv.com,Male
411,Ferd,Bircher,fbircherbe@issuu.com,Male
412,Yance,Cage,ycagebf@youtube.com,Male
413,Cordey,Iliffe,ciliffebg@newyorker.com,Female
414,Lora,Jordine,ljordinebh@cloudflare.com,Female
415,Rosco,Spurrier,rspurrierbi@ihg.com,Male
416,Mina,Drewitt,mdrewittbj@ed.gov,Female
417,Donall,Smeall,dsmeallbk@sphinn.com,Male
418,Kahaleel,Forsey,kforseybl@washingtonpost.com,Male
419,Hartwell,Fillgate,hfillgatebm@ucoz.com,Male
420,Maryjo,Alsford,malsfordbn@ft.com,Genderqueer
421,Ofelia,Jephcote,ojephcotebo@mac.com,Female
422,Ketti,Balhatchet,kbalhatchetbp@disqus.com,Female
423,Joanie,Husselbee,jhusselbeebq@feedburner.com,Female
424,Coleman,Springham,cspringhambr@wisc.edu,Male
425,Granthem,Stobbes,gstobbesbs@vk.com,Male
426,Rolland,Kittow,rkittowbt@is.gd,Male
427,Thaddus,Bizzey,tbizzeybu@scientificamerican.com,Male
428,Lia,Ewen,lewenbv@nsw.gov.au,Female
429,Thacher,Ralfe,tralfebw@mtv.com,Male
430,Marietta,Jaffray,mjaffraybx@un.org,Male
431,Laverne,Spurrier,lspurrierby@boston.com,Female
432,Son,Nordass,snordassbz@kickstarter.com,Male
433,Madeline,Willgoss,mwillgossc0@wunderground.com,Female
434,Omar,Weld,oweldc1@furl.net,Male
435,Michele,Fehners,mfehnersc2@nytimes.com,Male
436,Ashley,Tallet,atalletc3@quantcast.com,Female
437,Jami,Lacknor,jlacknorc4@meetup.com,Female
438,Sargent,Levington,slevingtonc5@sakura.ne.jp,Male
439,Hakeem,Tonry,htonryc6@moonfruit.com,Male
440,Lewie,Stachini,lstachinic7@wsj.com,Male
441,Brandon,Diviney,bdivineyc8@china.com.cn,Male
442,Norris,Keiley,nkeileyc9@youku.com,Male
443,Worth,Dodimead,wdodimeadca@e-recht24.de,Male
444,Estelle,Falshaw,efalshawcb@acquirethisname.com,Female
445,Felipa,Pafford,fpaffordcc@bigcartel.com,Female
446,Toinette,Leonards,tleonardscd@github.io,Female
447,Giorgio,Websdale,gwebsdalece@phoca.cz,Male
448,Kristopher,Gennrich,kgennrichcf@hatena.ne.jp,Male
449,Sallyann,Rogerot,srogerotcg@mlb.com,Female
450,Elke,Sherburn,esherburnch@bluehost.com,Female
451,Janka,Drever,jdreverci@spotify.com,Female
452,Carroll,Kyneton,ckynetoncj@tripadvisor.com,Male
453,Peggy,Fanshaw,pfanshawck@loc.gov,Female
454,Oralla,Olorenshaw,oolorenshawcl@ucla.edu,Female
455,Maryjane,Clunan,mclunancm@globo.com,Female
456,Andrew,Earingey,aearingeycn@clickbank.net,Male
457,Glenda,McCallister,gmccallisterco@timesonline.co.uk,Female
458,Sanders,Wyke,swykecp@twitter.com,Male
459,Barnabas,Spatoni,bspatonicq@cbsnews.com,Bigender
460,Gearalt,Gravenor,ggravenorcr@sina.com.cn,Male
461,Reeta,Duker,rdukercs@tamu.edu,Female
462,Inger,Regardsoe,iregardsoect@mapquest.com,Male
463,Denny,Foggarty,dfoggartycu@parallels.com,Female
464,Pietra,Lacaze,placazecv@youku.com,Female
465,Johnette,McMains,jmcmainscw@cafepress.com,Female
466,Shaylyn,Daouze,sdaouzecx@google.it,Female
467,Mary,McTeggart,mmcteggartcy@typepad.com,Female
468,Dewain,Fishbourne,dfishbournecz@state.tx.us,Male
469,Jacquelynn,Hadgraft,jhadgraftd0@ustream.tv,Female
470,Celesta,Hendrichs,chendrichsd1@businessinsider.com,Female
471,Corissa,Buttrum,cbuttrumd2@wsj.com,Genderfluid
472,Antin,Tefft,atefftd3@spotify.com,Male
473,Shamus,Frisch,sfrischd4@yelp.com,Male
474,Felipe,Clemmow,fclemmowd5@jimdo.com,Male
475,Marnie,Supple,msuppled6@meetup.com,Female
476,Hyacinthe,Ketchen,hketchend7@answers.com,Female
477,Iormina,McEvay,imcevayd8@sakura.ne.jp,Female
478,Kingsley,Monkton,kmonktond9@vistaprint.com,Bigender
479,Cort,Crannis,ccrannisda@deviantart.com,Male
480,Chariot,Bruin,cbruindb@purevolume.com,Male
481,Jeno,Tolomelli,jtolomellidc@bloomberg.com,Male
482,Kathryne,Parysiak,kparysiakdd@parallels.com,Female
483,Floyd,Eich,feichde@photobucket.com,Male
484,Caryn,Hemerijk,chemerijkdf@yahoo.co.jp,Female
485,Barrie,Walster,bwalsterdg@phoca.cz,Female
486,Luigi,Biasini,lbiasinidh@sitemeter.com,Male
487,Layney,Klehyn,lklehyndi@dailymotion.com,Female
488,Kahaleel,Toft,ktoftdj@opera.com,Male
489,Morly,Buncher,mbuncherdk@altervista.org,Male
490,Sascha,Kaplan,skaplandl@go.com,Polygender
491,Marcie,Dziwisz,mdziwiszdm@amazon.co.jp,Female
492,Uta,Derdes,uderdesdn@123-reg.co.uk,Female
493,Sheffield,Reeder,sreederdo@skype.com,Male
494,Shalna,Pordall,spordalldp@epa.gov,Female
495,Babb,Greenley,bgreenleydq@dell.com,Female
496,Hadley,Gosz,hgoszdr@usa.gov,Male
497,Meghann,Comber,mcomberds@narod.ru,Female
498,Carlene,Habishaw,chabishawdt@plala.or.jp,Female
499,Belva,Soppitt,bsoppittdu@hugedomains.com,Female
500,James,Doxsey,jdoxseydv@yahoo.com,Male
501,Dyanne,Frankiewicz,dfrankiewiczdw@amazon.co.uk,Female
502,Michaella,Cummine,mcumminedx@yellowbook.com,Agender
503,Morgun,Devlin,mdevlindy@hibu.com,Bigender
504,Jordain,Crab,jcrabdz@ebay.co.uk,Female
505,Putnam,Stoppard,pstopparde0@mit.edu,Male
506,Simone,Poznan,spoznane1@wp.com,Female
507,Cindelyn,McNess,cmcnesse2@sitemeter.com,Female
508,Myles,Beviss,mbevisse3@nba.com,Male
509,Audrey,Spadaro,aspadaroe4@paypal.com,Female
510,Filmore,Skip,fskipe5@blog.com,Bigender
511,Daveta,Ebrall,debralle6@discovery.com,Female
512,Francesca,Scollick,fscollicke7@163.com,Female
513,Anjanette,Ducker,aduckere8@mozilla.com,Female
514,Rhea,Lindell,rlindelle9@pcworld.com,Female
515,Mikael,Debold,mdeboldea@rambler.ru,Male
516,Fergus,Meece,fmeeceeb@ft.com,Male
517,Bernetta,Bootherstone,bbootherstoneec@blog.com,Female
518,Kara,Joffe,kjoffeed@smugmug.com,Female
519,Forest,Linklater,flinklateree@narod.ru,Male
520,Dael,Ayers,dayersef@salon.com,Male
521,Porty,Voice,pvoiceeg@time.com,Male
522,Fidelity,Tchir,ftchireh@altervista.org,Female
523,Quint,Wroughton,qwroughtonei@networkadvertising.org,Male
524,Sigismondo,O'Hannigan,sohanniganej@youku.com,Male
525,Trish,Wones,twonesek@wix.com,Female
526,Ive,Dilke,idilkeel@hubpages.com,Male
527,Kinny,McIntee,kmcinteeem@unc.edu,Male
528,Andie,Davis,adavisen@ustream.tv,Polygender
529,Lek,O'Connell,loconnelleo@is.gd,Male
530,Payton,Pengelly,ppengellyep@mapy.cz,Male
531,Barbaraanne,Tyndall,btyndalleq@cornell.edu,Female
532,Thalia,Ongin,tonginer@icq.com,Female
533,Joseph,Vinas,jvinases@fc2.com,Genderfluid
534,Stefan,Elph,selphet@adobe.com,Male
535,Meir,Guierre,mguierreeu@irs.gov,Male
536,Robinet,Stummeyer,rstummeyerev@aol.com,Male
537,My,Anshell,manshellew@163.com,Male
538,Agnesse,Brailey,abraileyex@timesonline.co.uk,Non-binary
539,Debor,Aris,darisey@ted.com,Female
540,Mimi,Skippon,mskipponez@xrea.com,Female
541,Wadsworth,Jellard,wjellardf0@prlog.org,Male
542,Erasmus,Hallad,ehalladf1@wisc.edu,Male
543,Cirillo,Dolphin,cdolphinf2@google.fr,Male
544,Adah,Rimmington,arimmingtonf3@behance.net,Female
545,Evey,Swansbury,eswansburyf4@hibu.com,Female
546,Omar,Whinray,owhinrayf5@ft.com,Male
547,Travis,Hammerich,thammerichf6@example.com,Male
548,Kare,Biggin,kbigginf7@unesco.org,Female
549,Ranna,Mayman,rmaymanf8@prnewswire.com,Female
550,Spenser,Etuck,setuckf9@sbwire.com,Male
551,Had,Baggally,hbaggallyfa@uol.com.br,Male
552,Jess,Percy,jpercyfb@un.org,Male
553,Griffith,Docherty,gdochertyfc@163.com,Male
554,Tim,de'-Ancy Willis,tdeancywillisfd@hao123.com,Female
555,Kellina,Hazeldene,khazeldenefe@delicious.com,Female
556,Ailey,Appleton,aappletonff@mail.ru,Female
557,Cristina,Croxton,ccroxtonfg@aol.com,Female
558,Westleigh,Mulloch,wmullochfh@sohu.com,Male
559,Thorpe,Pentony,tpentonyfi@prweb.com,Male
560,Thorstein,Gilbeart,tgilbeartfj@soup.io,Male
561,Meade,Heugle,mheuglefk@prnewswire.com,Male
562,Sorcha,Solano,ssolanofl@usa.gov,Female
563,Sidoney,Giorio,sgioriofm@businessinsider.com,Polygender
564,Davide,Long,dlongfn@studiopress.com,Male
565,Corinne,Airds,cairdsfo@stanford.edu,Female
566,Jacklin,Toombs,jtoombsfp@phpbb.com,Female
567,Tedra,Strut,tstrutfq@infoseek.co.jp,Female
568,Cletis,Balsom,cbalsomfr@answers.com,Male
569,Jolie,Oldcote,joldcotefs@goo.ne.jp,Female
570,Robbyn,Yegorchenkov,ryegorchenkovft@booking.com,Female
571,Margaretha,Grady,mgradyfu@comsenz.com,Female
572,Donnajean,Dallewater,ddallewaterfv@sina.com.cn,Female
573,Correna,Hartright,chartrightfw@prnewswire.com,Female
574,Barclay,Olle,bollefx@yelp.com,Male
575,Lorilee,Kenninghan,lkenninghanfy@tinyurl.com,Female
576,Delcine,Papes,dpapesfz@aboutads.info,Female
577,Bradan,Colten,bcolteng0@dion.ne.jp,Male
578,Evelyn,Debill,edebillg1@wired.com,Male
579,Cacilie,Dranfield,cdranfieldg2@princeton.edu,Female
580,Rancell,Laidel,rlaidelg3@dropbox.com,Male
581,Jolynn,Barringer,jbarringerg4@businessinsider.com,Female
582,Lindon,Frudd,lfruddg5@omniture.com,Male
583,Coral,Nowill,cnowillg6@google.it,Female
584,Juline,Scurr,jscurrg7@quantcast.com,Female
585,Pincas,Haskew,phaskewg8@ning.com,Male
586,Jacob,Huggan,jhuggang9@cargocollective.com,Male
587,Margy,Kenneway,mkennewayga@twitter.com,Genderqueer
588,Obadias,Akenhead,oakenheadgb@deviantart.com,Male
589,Hamlin,Halse,hhalsegc@bluehost.com,Male
590,Amandie,Tassel,atasselgd@fda.gov,Female
591,Rosabel,Tattersall,rtattersallge@ebay.co.uk,Female
592,Birdie,Synke,bsynkegf@cbsnews.com,Female
593,Hernando,Godrich,hgodrichgg@cbslocal.com,Male
594,Allsun,Labarre,alabarregh@pagesperso-orange.fr,Female
595,Sven,Aarons,saaronsgi@imgur.com,Male
596,Ralph,Durant,rdurantgj@usnews.com,Male
597,Kristian,Moy,kmoygk@mozilla.com,Male
598,My,Veschambes,mveschambesgl@skype.com,Male
599,Ruthann,Domsalla,rdomsallagm@arizona.edu,Female
600,Candide,Millichip,cmillichipgn@army.mil,Female
601,Austin,Milch,amilchgo@bloomberg.com,Female
602,Penny,MacGarrity,pmacgarritygp@sun.com,Male
603,Husain,Algate,halgategq@whitehouse.gov,Male
604,Nev,Jeanet,njeanetgr@wufoo.com,Male
605,Cris,Frede,cfredegs@illinois.edu,Female
606,Timmy,Kenson,tkensongt@123-reg.co.uk,Male
607,Burnard,Dotterill,bdotterillgu@tamu.edu,Male
608,Germaine,Petlyura,gpetlyuragv@nih.gov,Female
609,Hollis,Gradley,hgradleygw@meetup.com,Male
610,Royal,Ranald,rranaldgx@wp.com,Non-binary
611,Ryon,Cobbold,rcobboldgy@tuttocitta.it,Male
612,Howard,Dinjes,hdinjesgz@imgur.com,Male
613,Nikolos,Pinchbeck,npinchbeckh0@google.cn,Male
614,Hercules,Gulliford,hgullifordh1@posterous.com,Male
615,Doris,Seamarke,dseamarkeh2@icio.us,Female
616,Nicky,Conibeer,nconibeerh3@omniture.com,Male
617,Claudine,Gudde,cguddeh4@cbc.ca,Female
618,Rosemaria,Stride,rstrideh5@bing.com,Female
619,Frazer,Skellen,fskellenh6@google.nl,Male
620,Kendal,Fearnehough,kfearnehoughh7@amazon.co.uk,Male
621,Woodman,Grendon,wgrendonh8@meetup.com,Male
622,Wald,Asbury,wasburyh9@hhs.gov,Male
623,Nicholas,Grichukhin,ngrichukhinha@w3.org,Male
624,Dreddy,Sandbach,dsandbachhb@mapy.cz,Female
625,Grant,Geator,ggeatorhc@devhub.com,Male
626,Clary,Tarborn,ctarbornhd@canalblog.com,Female
627,Vladimir,Tresler,vtreslerhe@flavors.me,Male
628,Yank,Celli,ycellihf@europa.eu,Male
629,Alasdair,Peeter,apeeterhg@japanpost.jp,Male
630,Glen,Olivella,golivellahh@huffingtonpost.com,Male
631,Tommie,Maud,tmaudhi@pcworld.com,Male
632,Dianemarie,Pepye,dpepyehj@free.fr,Female
633,Emiline,Sare,esarehk@harvard.edu,Female
634,Bentlee,Bunton,bbuntonhl@cbsnews.com,Male
635,Cole,Secrett,csecretthm@usda.gov,Male
636,Cullie,Raeburn,craeburnhn@cmu.edu,Male
637,Engelbert,Fosse,efosseho@arizona.edu,Male
638,Merilyn,Emmines,memmineshp@geocities.jp,Female
639,Phedra,Judd,pjuddhq@arstechnica.com,Genderqueer
640,Violetta,Couling,vcoulinghr@storify.com,Female
641,Jillie,Copes,jcopeshs@ameblo.jp,Female
642,Kermy,Kimbley,kkimbleyht@time.com,Male
643,Ethelda,De Mitri,edemitrihu@alexa.com,Non-binary
644,Brannon,Milby,bmilbyhv@netvibes.com,Male
645,Jerrilyn,Brabban,jbrabbanhw@artisteer.com,Female
646,Allyn,Errington,aerringtonhx@latimes.com,Male
647,Sutherland,Eakeley,seakeleyhy@instagram.com,Male
648,Binni,Witul,bwitulhz@icio.us,Female
649,Elnora,Whibley,ewhibleyi0@skype.com,Female
650,Archambault,Cubbini,acubbinii1@ucla.edu,Bigender
651,Otha,Cloonan,ocloonani2@marriott.com,Female
652,Linnet,Hamerton,lhamertoni3@xinhuanet.com,Female
653,Ramon,Bessett,rbessetti4@dailymotion.com,Male
654,Rodney,Mattiazzi,rmattiazzii5@technorati.com,Male
655,Debbi,Ashard,dashardi6@baidu.com,Female
656,Gorden,Shearsby,gshearsbyi7@ibm.com,Male
657,Obidiah,Varndall,ovarndalli8@arstechnica.com,Male
658,Gerrard,Sharplin,gsharplini9@ezinearticles.com,Male
659,Gail,Assard,gassardia@businesswire.com,Male
660,Hastie,Sivills,hsivillsib@sun.com,Male
661,Colver,Sebert,csebertic@joomla.org,Male
662,Paolina,Lobell,plobellid@joomla.org,Female
663,Sunshine,Ogelsby,sogelsbyie@google.pl,Genderfluid
664,Ebeneser,Dyet,edyetif@ted.com,Male
665,Rea,Gibbie,rgibbieig@google.co.jp,Female
666,Chrystel,Bebis,cbebisih@so-net.ne.jp,Female
667,Vance,Chaffer,vchafferii@bloglines.com,Male
668,Eada,Theze,ethezeij@smh.com.au,Female
669,Vivyanne,Perrinchief,vperrinchiefik@dyndns.org,Female
670,Damara,Milan,dmilanil@edublogs.org,Genderfluid
671,Hadley,Spires,hspiresim@oaic.gov.au,Male
672,Roley,Iacobacci,riacobacciin@bloglines.com,Male
673,Kile,Wicher,kwicherio@independent.co.uk,Male
674,Alwin,Zambon,azambonip@marketwatch.com,Male
675,Arluene,Lummasana,alummasanaiq@123-reg.co.uk,Female
676,Hallsy,Welton,hweltonir@i2i.jp,Male
677,Felice,Keri,fkeriis@histats.com,Male
678,Sloane,Baum,sbaumit@statcounter.com,Male
679,Judye,Aindriu,jaindriuiu@aboutads.info,Female
680,Kile,MacDougall,kmacdougalliv@goodreads.com,Male
681,Judye,Colly,jcollyiw@sciencedirect.com,Female
682,Sigismondo,Satford,ssatfordix@prweb.com,Male
683,Philip,Bamling,pbamlingiy@unc.edu,Male
684,Tierney,Fidilis,tfidilisiz@auda.org.au,Female
685,Linus,Rouchy,lrouchyj0@dyndns.org,Male
686,Christan,Gladdin,cgladdinj1@ft.com,Female
687,Gipsy,Grizard,ggrizardj2@symantec.com,Female
688,Alyce,Vasse,avassej3@fotki.com,Female
689,Caria,Trinke,ctrinkej4@blogtalkradio.com,Female
690,Hilton,Rove,hrovej5@latimes.com,Male
691,Brana,Erlam,berlamj6@twitter.com,Female
692,Ludvig,Redihalgh,lredihalghj7@ibm.com,Male
693,Sid,Issitt,sissittj8@amazonaws.com,Male
694,Tedda,Bergeon,tbergeonj9@amazon.co.uk,Female
695,Danya,Scullin,dscullinja@cnbc.com,Agender
696,Cleavland,Hebbard,chebbardjb@seesaa.net,Male
697,Lorilyn,Chaudret,lchaudretjc@imgur.com,Female
698,Griffin,Edmonds,gedmondsjd@smh.com.au,Male
699,Garik,Burnall,gburnallje@simplemachines.org,Agender
700,Lindsy,Wallbanks,lwallbanksjf@acquirethisname.com,Female
701,Dianne,Goodliff,dgoodliffjg@telegraph.co.uk,Polygender
702,Silvanus,Thackray,sthackrayjh@yale.edu,Male
703,Mikey,Shellsheere,mshellsheereji@opera.com,Male
704,Donnell,Gantz,dgantzjj@guardian.co.uk,Male
705,Rheta,Tour,rtourjk@cocolog-nifty.com,Female
706,Viva,Goare,vgoarejl@over-blog.com,Female
707,Andria,Decent,adecentjm@digg.com,Female
708,Jerald,Tuminini,jtumininijn@about.me,Male
709,Ortensia,Crease,ocreasejo@auda.org.au,Female
710,Dougy,Thebes,dthebesjp@google.com.br,Male
711,Wendy,Fuentez,wfuentezjq@github.io,Female
712,Ynes,Rennix,yrennixjr@discuz.net,Female
713,Laureen,Pinckstone,lpinckstonejs@microsoft.com,Non-binary
714,Karry,Dawtry,kdawtryjt@sourceforge.net,Female
715,Nathan,Ambrose,nambroseju@admin.ch,Male
716,Abigael,Kacheler,akachelerjv@wisc.edu,Female
717,Jory,Cutchey,jcutcheyjw@si.edu,Male
718,Dyanne,Vallis,dvallisjx@paypal.com,Female
719,Ansell,Quincee,aquinceejy@i2i.jp,Male
720,Albertine,Dowbekin,adowbekinjz@meetup.com,Female
721,Vinny,Grimwade,vgrimwadek0@europa.eu,Female
722,Pooh,Pavlenko,ppavlenkok1@blinklist.com,Polygender
723,Guendolen,Calcott,gcalcottk2@ovh.net,Female
724,Rozella,Cortnay,rcortnayk3@hexun.com,Female
725,Shayla,Wendover,swendoverk4@skype.com,Female
726,Killy,Haney,khaneyk5@msn.com,Male
727,Anthea,Sivyour,asivyourk6@google.co.jp,Female
728,Royal,Kingcote,rkingcotek7@columbia.edu,Male
729,Fancie,Dionisi,fdionisik8@4shared.com,Female
730,Tracy,Tubritt,ttubrittk9@java.com,Male
731,Tobe,Pauling,tpaulingka@privacy.gov.au,Female
732,Cully,Gatehouse,cgatehousekb@behance.net,Male
733,Gavan,Rogier,grogierkc@diigo.com,Male
734,Thebault,Franey,tfraneykd@vinaora.com,Male
735,Tammie,Heys,theyske@gmpg.org,Female
736,Janessa,O' Dooley,jodooleykf@skype.com,Female
737,Jewel,Rands,jrandskg@webmd.com,Female
738,Kelci,Devil,kdevilkh@dyndns.org,Female
739,Ilka,Kinglake,ikinglakeki@naver.com,Female
740,Dalton,Glentworth,dglentworthkj@opensource.org,Male
741,Fanni,Ollerenshaw,follerenshawkk@canalblog.com,Female
742,Jasper,Ramel,jramelkl@usgs.gov,Male
743,Northrup,Cook,ncookkm@mapquest.com,Male
744,Nappy,MacKill,nmackillkn@phpbb.com,Male
745,Barby,Gollard,bgollardko@addtoany.com,Female
746,Donica,Cleave,dcleavekp@sciencedirect.com,Female
747,Swen,Sutor,ssutorkq@blinklist.com,Male
748,Griswold,Mohammad,gmohammadkr@noaa.gov,Male
749,Josh,Gery,jgeryks@alibaba.com,Male
750,Odie,Infante,oinfantekt@tripadvisor.com,Male
751,Isa,MacGown,imacgownku@alexa.com,Male
752,Irwinn,Buckney,ibuckneykv@godaddy.com,Male
753,Bronnie,Weins,bweinskw@umn.edu,Male
754,Staford,Wraight,swraightkx@issuu.com,Male
755,Angela,Birdsey,abirdseyky@jiathis.com,Agender
756,Shayla,Riepl,srieplkz@wiley.com,Female
757,Fidelio,Bissex,fbissexl0@home.pl,Male
758,Gena,Brettoner,gbrettonerl1@multiply.com,Female
759,Lonnard,Algeo,lalgeol2@netscape.com,Male
760,Mayer,Ivantyev,mivantyevl3@nih.gov,Male
761,Ingemar,Hedon,ihedonl4@tinyurl.com,Male
762,Lily,Jolliff,ljolliffl5@networksolutions.com,Female
763,Matteo,Croisdall,mcroisdalll6@tumblr.com,Male
764,Alma,Hartfield,ahartfieldl7@tamu.edu,Female
765,Rorie,Billes,rbillesl8@privacy.gov.au,Female
766,Gerri,Skett,gskettl9@sogou.com,Female
767,Goldarina,Mingame,gmingamela@msn.com,Female
768,Emilie,Scotchmer,escotchmerlb@i2i.jp,Female
769,Ivar,Pleven,iplevenlc@com.com,Male
770,Alphard,Jardein,ajardeinld@stanford.edu,Male
771,Audry,Philimore,aphilimorele@theglobeandmail.com,Female
772,Jordana,Heaselgrave,jheaselgravelf@amazon.de,Female
773,Arie,Walch,awalchlg@squidoo.com,Male
774,Angele,Raulston,araulstonlh@illinois.edu,Female
775,Willi,Chatters,wchattersli@g.co,Female
776,Justis,MacAllister,jmacallisterlj@vk.com,Male
777,Ethyl,Duff,edufflk@w3.org,Female
778,Carlyle,De Mitris,cdemitrisll@is.gd,Male
779,Adrea,Sissens,asissenslm@amazon.co.uk,Female
780,Woody,Bosse,wbosseln@163.com,Male
781,Vern,Michael,vmichaello@livejournal.com,Male
782,Cori,MacGillespie,cmacgillespielp@mozilla.org,Male
783,Wallache,Galbreth,wgalbrethlq@lulu.com,Polygender
784,Abdel,Folker,afolkerlr@google.nl,Male
785,Claudina,McCorry,cmccorryls@fema.gov,Female
786,Codi,Josselsohn,cjosselsohnlt@chicagotribune.com,Male
787,Kelwin,Anear,kanearlu@nationalgeographic.com,Male
788,Madelon,Lindner,mlindnerlv@nymag.com,Female
789,Rikki,Schwand,rschwandlw@epa.gov,Male
790,Hector,Lesslie,hlesslielx@devhub.com,Male
791,Britni,Kyte,bkytely@moonfruit.com,Non-binary
792,Rodrigo,Gensavage,rgensavagelz@facebook.com,Male
793,Anet,Maple,amaplem0@sphinn.com,Female
794,Theressa,Edel,tedelm1@nhs.uk,Female
795,Jolie,Kellock,jkellockm2@list-manage.com,Female
796,Korey,Rolfs,krolfsm3@epa.gov,Male
797,Temp,Tolefree,ttolefreem4@samsung.com,Male
798,Gwynne,Bane,gbanem5@abc.net.au,Non-binary
799,Esra,Fleg,eflegm6@vkontakte.ru,Male
800,Chevalier,Goodswen,cgoodswenm7@house.gov,Male
801,Nanice,Ielden,nieldenm8@mit.edu,Female
802,Levey,Melross,lmelrossm9@nationalgeographic.com,Genderfluid
803,Garnette,Hollingdale,ghollingdalema@xing.com,Female
804,Rana,Soro,rsoromb@scribd.com,Female
805,Zerk,Geerits,zgeeritsmc@tinyurl.com,Male
806,Herold,Flegg,hfleggmd@photobucket.com,Male
807,Gordan,Matuschek,gmatuschekme@cisco.com,Male
808,Margit,Keddie,mkeddiemf@bloglines.com,Agender
809,Ailbert,Cluelow,acluelowmg@xing.com,Male
810,Sammy,Schultz,sschultzmh@cafepress.com,Male
811,Corbet,Safe,csafemi@salon.com,Male
812,Dani,Kenzie,dkenziemj@bbc.co.uk,Male
813,Merridie,Jacklin,mjacklinmk@gmpg.org,Female
814,Bar,McDowell,bmcdowellml@tuttocitta.it,Genderqueer
815,Isobel,Tomkin,itomkinmm@wikispaces.com,Female
816,Anselma,Bradnocke,abradnockemn@yale.edu,Female
817,Stephi,Cray,scraymo@sfgate.com,Female
818,Frankie,Goodlet,fgoodletmp@chron.com,Male
819,Marguerite,Rintoul,mrintoulmq@ebay.co.uk,Female
820,Myrlene,Gerhts,mgerhtsmr@123-reg.co.uk,Female
821,Madison,Tybalt,mtybaltms@usnews.com,Male
822,Cyrill,Caley,ccaleymt@census.gov,Bigender
823,Nap,Heading,nheadingmu@pbs.org,Male
824,Kipper,Smeall,ksmeallmv@howstuffworks.com,Male
825,Erina,Yukhnini,eyukhninimw@ebay.com,Agender
826,Beryl,Havill,bhavillmx@webnode.com,Female
827,Karim,Kinig,kkinigmy@bing.com,Bigender
828,Ysabel,Danilyak,ydanilyakmz@ask.com,Polygender
829,Elana,Dossit,edossitn0@state.gov,Female
830,Kimbell,Clear,kclearn1@goo.ne.jp,Non-binary
831,Jamal,Frisby,jfrisbyn2@wiley.com,Male
832,Antone,Winsbury,awinsburyn3@livejournal.com,Male
833,Zonda,McShee,zmcsheen4@java.com,Female
834,Nina,Cochet,ncochetn5@comcast.net,Female
835,Gherardo,Browncey,gbrownceyn6@stanford.edu,Genderfluid
836,Merell,Caesman,mcaesmann7@digg.com,Male
837,Margaretta,Comelini,mcomelinin8@nifty.com,Female
838,Glennie,Floodgate,gfloodgaten9@angelfire.com,Female
839,Amelie,Fiddymont,afiddymontna@posterous.com,Genderfluid
840,Catherine,Pulman,cpulmannb@unesco.org,Female
841,Vito,Srawley,vsrawleync@ucla.edu,Agender
842,Benson,Dominick,bdominicknd@dedecms.com,Male
843,Simeon,Sharpling,ssharplingne@omniture.com,Male
844,Sonny,Spraggs,sspraggsnf@patch.com,Male
845,Jareb,Meardon,jmeardonng@domainmarket.com,Male
846,Ranique,Stefanovic,rstefanovicnh@reference.com,Genderqueer
847,Cora,Damper,cdamperni@google.pl,Female
848,Darbee,Gapper,dgappernj@paginegialle.it,Male
849,Camilla,Dimberline,cdimberlinenk@dell.com,Female
850,Bab,Rawson,brawsonnl@senate.gov,Female
851,Connie,Murdie,cmurdienm@cargocollective.com,Female
852,Beryle,Golbourn,bgolbournnn@springer.com,Genderfluid
853,Averell,Gibbens,agibbensno@fc2.com,Male
854,Marsiella,Pickless,mpicklessnp@csmonitor.com,Agender
855,Stevana,Pidgen,spidgennq@studiopress.com,Female
856,Clement,Simounet,csimounetnr@eventbrite.com,Male
857,Cyb,McCane,cmccanens@hud.gov,Female
858,Kerry,Yglesias,kyglesiasnt@github.com,Bigender
859,Pen,Kimpton,pkimptonnu@webeden.co.uk,Male
860,Ronni,Dyott,rdyottnv@nytimes.com,Female
861,Bail,Delcastel,bdelcastelnw@oaic.gov.au,Male
862,Arin,Winwright,awinwrightnx@samsung.com,Male
863,Jacky,Buick,jbuickny@paypal.com,Male
864,Martha,Betteson,mbettesonnz@joomla.org,Female
865,Salomone,Sergeant,ssergeanto0@rambler.ru,Agender
866,Brier,McUre,bmcureo1@miibeian.gov.cn,Female
867,Lavinie,Stealfox,lstealfoxo2@businessinsider.com,Female
868,Ara,Pinkney,apinkneyo3@nbcnews.com,Male
869,Niko,Banisch,nbanischo4@cmu.edu,Male
870,Kaylee,Pavy,kpavyo5@google.com.au,Female
871,Jennee,Shovelin,jshovelino6@stanford.edu,Female
872,Standford,Coneley,sconeleyo7@livejournal.com,Male
873,Jerry,Mostyn,jmostyno8@nymag.com,Genderqueer
874,See,Gager,sgagero9@china.com.cn,Male
875,Hurlee,Corah,hcorahoa@ucsd.edu,Male
876,Kara-lynn,Martinovic,kmartinovicob@hao123.com,Female
877,Luce,Mateo,lmateooc@china.com.cn,Bigender
878,Freddie,Macrow,fmacrowod@globo.com,Male
879,Charmion,Radborn,cradbornoe@upenn.edu,Female
880,Heall,Orrell,horrellof@istockphoto.com,Male
881,West,Darragh,wdarraghog@meetup.com,Male
882,Kalli,Haffenden,khaffendenoh@examiner.com,Female
883,Horace,Bagott,hbagottoi@fotki.com,Male
884,Mitchel,Battie,mbattieoj@ustream.tv,Male
885,Mendel,Grube,mgrubeok@house.gov,Male
886,Janet,Kilbey,jkilbeyol@howstuffworks.com,Female
887,Winny,Lurner,wlurnerom@aboutads.info,Male
888,Cyb,Maudlen,cmaudlenon@youku.com,Female
889,Selby,Skitteral,sskitteraloo@independent.co.uk,Male
890,Torey,Abbe,tabbeop@google.com.hk,Male
891,Bourke,Batman,bbatmanoq@ycombinator.com,Male
892,Giuseppe,Armour,garmouror@qq.com,Male
893,Jamal,Coudray,jcoudrayos@ucsd.edu,Male
894,Elinor,Seers,eseersot@fda.gov,Female
895,Tammi,Yokley,tyokleyou@seattletimes.com,Agender
896,Joachim,Chipps,jchippsov@washington.edu,Male
897,Giffy,Croisdall,gcroisdallow@salon.com,Male
898,Ettore,Jura,ejuraox@purevolume.com,Male
899,Madalena,Alessandrucci,malessandruccioy@google.it,Female
900,Alejoa,Radmer,aradmeroz@dailymotion.com,Male
901,Cynde,Minto,cmintop0@hostgator.com,Female
902,Pierette,Parfitt,pparfittp1@microsoft.com,Female
903,Mabelle,Errowe,merrowep2@nba.com,Agender
904,Jerry,McShirie,jmcshiriep3@opensource.org,Female
905,Hermon,Parkman,hparkmanp4@digg.com,Male
906,Sorcha,De Biasi,sdebiasip5@cmu.edu,Genderqueer
907,Judi,Garrioch,jgarriochp6@youtu.be,Female
908,Edin,Ablett,eablettp7@yellowpages.com,Female
909,Walt,Axelbey,waxelbeyp8@unesco.org,Male
910,Berny,Khan,bkhanp9@ibm.com,Male
911,Currey,Kinner,ckinnerpa@icio.us,Male
912,Jozef,Cowle,jcowlepb@state.tx.us,Male
913,Shayne,Block,sblockpc@imdb.com,Female
914,Theo,Wagerfield,twagerfieldpd@marketwatch.com,Male
915,Jackson,Atkinson,jatkinsonpe@ning.com,Male
916,Josee,Norcliffe,jnorcliffepf@eepurl.com,Female
917,Andi,Payle,apaylepg@blinklist.com,Female
918,Lynne,Dot,ldotph@deliciousdays.com,Female
919,Dave,Rubartelli,drubartellipi@phpbb.com,Male
920,Kerr,Orgel,korgelpj@cdbaby.com,Male
921,Gavin,Windress,gwindresspk@mozilla.com,Male
922,Augusta,Billinge,abillingepl@paginegialle.it,Female
923,Stefa,Cackett,scackettpm@chron.com,Female
924,Isacco,Gatley,igatleypn@vk.com,Male
925,Martainn,Brennand,mbrennandpo@upenn.edu,Male
926,Wallache,Jays,wjayspp@dot.gov,Male
927,Loydie,Winslett,lwinslettpq@wikimedia.org,Male
928,Bobbe,Ropking,bropkingpr@bbb.org,Female
929,Aguistin,Gilhooley,agilhooleyps@hugedomains.com,Male
930,Tawsha,O'Hanlon,tohanlonpt@opera.com,Female
931,Benoit,Mournian,bmournianpu@cbsnews.com,Male
932,Madelina,Mitcham,mmitchampv@unc.edu,Female
933,Merell,Hurton,mhurtonpw@ustream.tv,Male
934,Alva,Liles,alilespx@ezinearticles.com,Male
935,Shandee,Fanstone,sfanstonepy@merriam-webster.com,Female
936,Geoffrey,Haggarty,ghaggartypz@redcross.org,Male
937,Marketa,Cast,mcastq0@pbs.org,Female
938,Wileen,Cahill,wcahillq1@aboutads.info,Female
939,Catha,Hincham,chinchamq2@friendfeed.com,Female
940,Irita,Silvermann,isilvermannq3@latimes.com,Female
941,Corbett,Thirlwell,cthirlwellq4@macromedia.com,Male
942,Johnnie,Schall,jschallq5@ovh.net,Male
943,Claudell,Fronczak,cfronczakq6@wunderground.com,Male
944,Gibbie,Kynett,gkynettq7@studiopress.com,Male
945,Carly,Edwin,cedwinq8@prnewswire.com,Female
946,Gretchen,Antonognoli,gantonognoliq9@blinklist.com,Female
947,Ammamaria,Magenny,amagennyqa@netvibes.com,Female
948,Lela,Clemmensen,lclemmensenqb@yellowpages.com,Female
949,Archambault,Dennes,adennesqc@about.me,Male
950,Anthony,Blazej,ablazejqd@macromedia.com,Male
951,Venita,Byrd,vbyrdqe@fc2.com,Female
952,Wilone,Matthew,wmatthewqf@springer.com,Female
953,Brianne,Swannick,bswannickqg@qq.com,Female
954,Ennis,Pringley,epringleyqh@mediafire.com,Agender
955,Hersch,Gilbride,hgilbrideqi@hibu.com,Polygender
956,Annie,Mitchenson,amitchensonqj@yahoo.com,Female
957,Cassie,Iscowitz,ciscowitzqk@nsw.gov.au,Female
958,Calli,Rosingdall,crosingdallql@deliciousdays.com,Female
959,Costanza,Clemmitt,cclemmittqm@scientificamerican.com,Female
960,Ricki,Minshaw,rminshawqn@pagesperso-orange.fr,Male
961,Mikkel,Williamson,mwilliamsonqo@t.co,Male
962,Guillema,Aronin,garoninqp@indiegogo.com,Female
963,Curt,Tregien,ctregienqq@jimdo.com,Male
964,Kenon,Gurton,kgurtonqr@bizjournals.com,Male
965,Thea,Hadigate,thadigateqs@storify.com,Female
966,Aura,Suffe,asuffeqt@altervista.org,Female
967,Jerrome,Hutchason,jhutchasonqu@japanpost.jp,Male
968,Sayer,Patton,spattonqv@ebay.com,Male
969,Alexandros,Ricold,aricoldqw@pagesperso-orange.fr,Male
970,Brennen,Wenderoth,bwenderothqx@nih.gov,Male
971,Benedikta,Reddan,breddanqy@tumblr.com,Female
972,Fredelia,Sansam,fsansamqz@twitter.com,Genderfluid
973,Dominic,MacNeish,dmacneishr0@nba.com,Male
974,Kinny,Dilley,kdilleyr1@guardian.co.uk,Male
975,Edmund,Broyd,ebroydr2@eepurl.com,Male
976,Anton,Batchelder,abatchelderr3@sohu.com,Male
977,Gavan,Horsell,ghorsellr4@domainmarket.com,Male
978,Saree,Goldring,sgoldringr5@webmd.com,Female
979,Marysa,Keuning,mkeuningr6@illinois.edu,Female
980,Lanna,Orrick,lorrickr7@mysql.com,Female
981,Bryant,Puden,bpudenr8@salon.com,Male
982,Ozzie,Eye,oeyer9@cloudflare.com,Male
983,Rozanne,Haig,rhaigra@people.com.cn,Female
984,Brewster,Duguid,bduguidrb@bandcamp.com,Male
985,Greggory,Burborough,gburboroughrc@theatlantic.com,Male
986,Wood,Darcey,wdarceyrd@slashdot.org,Male
987,Paco,Connue,pconnuere@posterous.com,Male
988,Bernetta,Focke,bfockerf@cornell.edu,Female
989,Sibilla,Bartholomew,sbartholomewrg@npr.org,Female
990,Swen,Fellgatt,sfellgattrh@artisteer.com,Male
991,Marje,Brandham,mbrandhamri@usatoday.com,Female
992,Bianca,Stellin,bstellinrj@t-online.de,Female
993,Colas,Atherton,cathertonrk@webs.com,Male
994,Barn,Setter,bsetterrl@icq.com,Male
995,Rudy,Milella,rmilellarm@w3.org,Male
996,Sarene,Edney,sedneyrn@utexas.edu,Female
997,Margret,Whyborn,mwhybornro@deliciousdays.com,Female
998,Alvan,O'Sesnane,aosesnanerp@ucoz.com,Male
999,Melicent,Berrane,mberranerq@drupal.org,Female
1000,Steve,MacCaughan,smaccaughanrr@stumbleupon.com,Male
